{
  "elbow": {
    "k": [
      2,
      3,
      4,
      5,
      6,
      7,
      8,
      9,
      10
    ],
    "inertia": [
      6473.959604387014,
      5765.632528516175,
      5441.72858691814,
      5168.496065494275,
      4920.566316180549,
      4731.000513489613,
      4565.909446217709,
      4414.130284694134,
      4312.5941419240335
    ]
  },
  "silhouette": {
    "k": [
      2,
      3,
      4,
      5,
      6,
      7,
      8,
      9,
      10
    ],
    "score": [
      0.16822642314849867,
      0.17550315685177872,
      0.1280203716807617,
      0.12451346175305116,
      0.13325542397931198,
      0.1189665301248244,
      0.10824162361481221,
      0.10728059502678909,
      0.11000238652169674
    ]
  },
  "optimal_k": 3
}