{
  "logistic_regression": {
    "model_name": "logistic_regression",
    "accuracy": 0.8967391304347826,
    "f1": 0.9082125603864735,
    "roc_auc": 0.9347202295552367,
    "precision": 0.8952380952380953,
    "recall": 0.9215686274509803,
    "confusion_matrix": [
      [
        71,
        11
      ],
      [
        8,
        94
      ]
    ],
    "fpr": [
      0.0,
      0.0,
      0.0,
      0.012195121951219513,
      0.012195121951219513,
      0.024390243902439025,
      0.024390243902439025,
      0.036585365853658534,
      0.036585365853658534,
      0.04878048780487805,
      0.04878048780487805,
      0.06097560975609756,
      0.06097560975609756,
      0.08536585365853659,
      0.08536585365853659,
      0.0975609756097561,
      0.0975609756097561,
      0.10975609756097561,
      0.10975609756097561,
      0.12195121951219512,
      0.12195121951219512,
      0.13414634146341464,
      0.13414634146341464,
      0.15853658536585366,
      0.15853658536585366,
      0.32926829268292684,
      0.32926829268292684,
      0.3780487804878049,
      0.3780487804878049,
      0.5,
      0.5,
      0.5487804878048781,
      0.5487804878048781,
      0.6341463414634146,
      0.6341463414634146,
      0.7804878048780488,
      0.7804878048780488,
      1.0
    ],
    "tpr": [
      0.0,
      0.00980392156862745,
      0.21568627450980393,
      0.21568627450980393,
      0.4019607843137255,
      0.4019607843137255,
      0.5294117647058824,
      0.5294117647058824,
      0.6764705882352942,
      0.6764705882352942,
      0.7254901960784313,
      0.7254901960784313,
      0.803921568627451,
      0.803921568627451,
      0.8431372549019608,
      0.8431372549019608,
      0.8529411764705882,
      0.8529411764705882,
      0.8627450980392157,
      0.8627450980392157,
      0.8725490196078431,
      0.8725490196078431,
      0.9215686274509803,
      0.9215686274509803,
      0.9411764705882353,
      0.9411764705882353,
      0.9509803921568627,
      0.9509803921568627,
      0.9607843137254902,
      0.9607843137254902,
      0.9705882352941176,
      0.9705882352941176,
      0.9803921568627451,
      0.9803921568627451,
      0.9901960784313726,
      0.9901960784313726,
      1.0,
      1.0
    ]
  },
  "random_forest": {
    "model_name": "random_forest",
    "accuracy": 0.8695652173913043,
    "f1": 0.8846153846153846,
    "roc_auc": 0.9299378287900526,
    "precision": 0.8679245283018868,
    "recall": 0.9019607843137255,
    "confusion_matrix": [
      [
        68,
        14
      ],
      [
        10,
        92
      ]
    ],
    "fpr": [
      0.0,
      0.0,
      0.0,
      0.024390243902439025,
      0.024390243902439025,
      0.036585365853658534,
      0.036585365853658534,
      0.04878048780487805,
      0.04878048780487805,
      0.06097560975609756,
      0.06097560975609756,
      0.07317073170731707,
      0.07317073170731707,
      0.08536585365853659,
      0.08536585365853659,
      0.0975609756097561,
      0.0975609756097561,
      0.10975609756097561,
      0.10975609756097561,
      0.17073170731707318,
      0.17073170731707318,
      0.18292682926829268,
      0.18292682926829268,
      0.2073170731707317,
      0.2073170731707317,
      0.21951219512195122,
      0.21951219512195122,
      0.3048780487804878,
      0.3048780487804878,
      0.35365853658536583,
      0.35365853658536583,
      0.3780487804878049,
      0.3780487804878049,
      0.4634146341463415,
      0.4634146341463415,
      0.5487804878048781,
      0.5487804878048781,
      0.6707317073170732,
      0.6707317073170732,
      0.8902439024390244,
      0.9146341463414634,
      1.0
    ],
    "tpr": [
      0.0,
      0.00980392156862745,
      0.22549019607843138,
      0.22549019607843138,
      0.3431372549019608,
      0.3431372549019608,
      0.5980392156862745,
      0.5980392156862745,
      0.6176470588235294,
      0.6176470588235294,
      0.7058823529411765,
      0.7058823529411765,
      0.803921568627451,
      0.803921568627451,
      0.8431372549019608,
      0.8431372549019608,
      0.8725490196078431,
      0.8725490196078431,
      0.8921568627450981,
      0.8921568627450981,
      0.9117647058823529,
      0.9117647058823529,
      0.9215686274509803,
      0.9215686274509803,
      0.9313725490196079,
      0.9313725490196079,
      0.9411764705882353,
      0.9411764705882353,
      0.9509803921568627,
      0.9509803921568627,
      0.9607843137254902,
      0.9607843137254902,
      0.9705882352941176,
      0.9705882352941176,
      0.9803921568627451,
      0.9803921568627451,
      0.9901960784313726,
      0.9901960784313726,
      1.0,
      1.0,
      1.0,
      1.0
    ]
  },
  "xgboost": {
    "model_name": "xgboost",
    "accuracy": 0.8695652173913043,
    "f1": 0.88,
    "roc_auc": 0.9133189861310378,
    "precision": 0.8979591836734694,
    "recall": 0.8627450980392157,
    "confusion_matrix": [
      [
        72,
        10
      ],
      [
        14,
        88
      ]
    ],
    "fpr": [
      0.0,
      0.0,
      0.0,
      0.012195121951219513,
      0.012195121951219513,
      0.024390243902439025,
      0.024390243902439025,
      0.036585365853658534,
      0.036585365853658534,
      0.04878048780487805,
      0.04878048780487805,
      0.06097560975609756,
      0.06097560975609756,
      0.08536585365853659,
      0.08536585365853659,
      0.0975609756097561,
      0.0975609756097561,
      0.10975609756097561,
      0.10975609756097561,
      0.12195121951219512,
      0.12195121951219512,
      0.21951219512195122,
      0.21951219512195122,
      0.24390243902439024,
      0.24390243902439024,
      0.3170731707317073,
      0.3170731707317073,
      0.45121951219512196,
      0.45121951219512196,
      0.524390243902439,
      0.524390243902439,
      0.7804878048780488,
      0.7804878048780488,
      0.9146341463414634,
      0.9146341463414634,
      1.0
    ],
    "tpr": [
      0.0,
      0.00980392156862745,
      0.09803921568627451,
      0.09803921568627451,
      0.28431372549019607,
      0.28431372549019607,
      0.30392156862745096,
      0.30392156862745096,
      0.3235294117647059,
      0.3235294117647059,
      0.5098039215686274,
      0.5098039215686274,
      0.6176470588235294,
      0.6176470588235294,
      0.6862745098039216,
      0.6862745098039216,
      0.803921568627451,
      0.803921568627451,
      0.8333333333333334,
      0.8333333333333334,
      0.9215686274509803,
      0.9215686274509803,
      0.9313725490196079,
      0.9313725490196079,
      0.9509803921568627,
      0.9509803921568627,
      0.9607843137254902,
      0.9607843137254902,
      0.9705882352941176,
      0.9705882352941176,
      0.9803921568627451,
      0.9803921568627451,
      0.9901960784313726,
      0.9901960784313726,
      1.0,
      1.0
    ]
  }
}